Workbook

Sheet заказ-order
I1: ,
B2: www.eclair.uz | C2: наш e-mail: info@eclair.uz | E2: info@eclair.uz | I2: ,
B3: Продукция / Products | C3: К-во шт.в ящ. / Quantity of pcs in a box | D3: Всего штук / Total pcs | E3: Количество в ящиках / Quantity of boxes | F3: Штрих коды Bar code | G3: Цена в $ США за шт. / Price in USD pcs. | I3: Код ТНВЭД
B4: Окрашивание волос | I4: ,
A5: № | B5: Стойкая крем-краска для волос «Éclair» с маслами «OMEGA 9», в саше пакетиках / Permanent hair color cream «Éclair» with «OMEGA-9» oils, sachet package | D5: =SUM(D6:D45) -> 0 | E5: =SUM(E6:E45) -> 0 | G5: 0.66 | H5: =G5*D5 -> 0 | I5: ,
A6: 1 | B6: Стойкая крем-краска для волос «Éclair» с маслами "OMEGA 9", тон 3.6 Баклажан / Aubergine | C6: 24 | D6: =+C6*E6 -> 0 | F6: 4780023323602 | I6: 3305900009
A7: 2 | B7: Стойкая крем-краска для волос «Éclair» с маслами "OMEGA 9", тон 4.6 Божоле / Dark Red | C7: 24 | D7: =+C7*E7 -> 0 | F7: 4780023323565 | I7: 3305900009
A8: 3 | B8: Стойкая крем-краска для волос «Éclair» с маслами "OMEGA 9", тон 5.5 Гранат / Deep Red | C8: 24 | D8: =+C8*E8 -> 0 | F8: 4780023323541 | I8: 3305900009
A9: 4 | B9: Стойкая крем-краска для волос «Éclair» с маслами "OMEGA 9", тон 4.5 Дикая вишня / Wild Cherry | C9: 24 | D9: =+C9*E9 -> 0 | F9: 4780023323572 | I9: 3305900009
A10: 5 | B10: Стойкая крем-краска для волос «Éclair» с маслами "OMEGA 9", тон 10.6 Жемчужно-серебристый / Pearl Silver Blonde | C10: 24 | D10: =+C10*E10 -> 0 | F10: 4780023323459 | I10: 3305900009
A11: 6 | B11: Стойкая крем-краска для волос «Éclair» с маслами "OMEGA 9", тон 1.1 Иссиня-черный / Bluish Black | C11: 24 | D11: =+C11*E11 -> 0 | F11: 4780023323626 | I11: 3305900009
A12: 7 | B12: Стойкая крем-краска для волос «Éclair» с маслами "OMEGA 9", тон 6.3 Капучино / Medium Dark Blonde | C12: 24 | D12: =+C12*E12 -> 0 | F12: 4780023323510 | I12: 3305900009
A13: 8 | B13: Стойкая крем-краска для волос «Éclair» с маслами "OMEGA 9", тон 9.7 Карамель / Caramel | C13: 24 | D13: =+C13*E13 -> 0 | F13: 4780023323466 | I13: 3305900009
A14: 9 | B14: Стойкая крем-краска для волос «Éclair» с маслами "OMEGA 9", тон 4.7 Каштан / Chesnut | C14: 24 | D14: =+C14*E14 -> 0 | F14: 4780023323589 | I14: 3305900009
A15: 10 | B15: Стойкая крем-краска для волос «Éclair» с маслами "OMEGA 9", тон 6.5 Махагон / Mahogany | C15: 24 | D15: =+C15*E15 -> 0 | F15: 4780023323534 | I15: 3305900009
A16: 11 | B16: Стойкая крем-краска для волос «Éclair» с маслоами "OMEGA 9", тон 6.7 Натуральный кофе / Coffe | C16: 24 | D16: =+C16*E16 -> 0 | F16: 4780023323497 | I16: 3305900009
A17: 12 | B17: Стойкая крем-краска для волос «Éclair» с маслами "OMEGA 9", тон 5.55 Рубин / Deep Mahogany | C17: 24 | D17: =+C17*E17 -> 0 | F17: 4780023323527 | I17: 3305900009
... A45: 40 | B45: Стойкая крем-краска для волос «Éclair» с маслами "OMEGA 9", тон 7.1 Холодный русый / Blond ash | C45: 24 | D45: =+C45*E45 -> 0 | F45: 4780023323084 | I45: 3305900009
I46: ,
A47: № | B47: Стойкая крем краска для волос «Éclair» «3D», в тубах по 50 мл / Permanent hair color cream «Éclair» «3D», in tubes | D47: =SUM(D48:D77) -> 0 | E47: =SUM(E48:E77) -> 0 | G47: 0.7 | H47: =G47*D47 -> 0 | I47: ,
A48: 1 | B48: Стойкая крем краска для волос «Éclair» «3D», тон 3.65 Баклажан / Aubergine | C48: 18 | D48: =E48*C48 -> 0 | F48: 4780023328249 | I48: 3305900009
A49: 2 | B49: Стойкая крем краска для волос «Éclair» «3D», тон 5.77 Шоколадный каштан / Chocolate brown | C49: 18 | D49: =E49*C49 -> 0 | F49: 4780023328256 | I49: 3305900009
A50: 3 | B50: Стойкая крем краска для волос «Éclair» «3D», тон 4.0 Роскошный каштан / Soft dark brown | C50: 18 | D50: =E50*C50 -> 0 | F50: 4780023328263 | I50: 3305900009
A51: 4 | B51: Стойкая крем краска для волос «Éclair» «3D», тон 5.0 Шоколадный / Chocolate | C51: 18 | D51: =E51*C51 -> 0 | F51: 4780023328270 | I51: 3305900009
A52: 5 | B52: Стойкая крем краска для волос «Éclair» «3D», тон 4.75 Черный шоколад / Black chocolate | C52: 18 | D52: =E52*C52 -> 0 | F52: 4780023328287 | I52: 3305900009
A53: 6 | B53: Стойкая крем краска для волос «Éclair» «3D», тон 7.0 Русый / Medium blonde | C53: 18 | D53: =E53*C53 -> 0 | F53: 4780023328294 | I53: 3305900009
A54: 7 | B54: Стойкая крем краска для волос «Éclair» «3D», тон 6.0 Темно- русый / Dark blonde | C54: 18 | D54: =E54*C54 -> 0 | F54: 4780023328300 | I54: 3305900009
A55: 8 | B55: Стойкая крем краска для волос «Éclair» «3D», тон 8.0 Светло-русый / Light blonde | C55: 18 | D55: =E55*C55 -> 0 | F55: 4780023328317 | I55: 3305900009
A56: 9 | B56: Стойкая крем краска для волос «Éclair» «3D», тон 4.56 Темная вишня / Dark cherry | C56: 18 | D56: =E56*C56 -> 0 | F56: 4780023328324 | I56: 3305900009
A57: 10 | B57: Стойкая крем краска для волос «Éclair» «3D», тон 2.81 Иссиня черный / Bluish black | C57: 18 | D57: =E57*C57 -> 0 | F57: 4780023328331 | I57: 3305900009
A58: 11 | B58: Стойкая крем краска для волос «Éclair» «3D», тон 7.1 Орехово-пепельный / Ash blonde | C58: 18 | D58: =E58*C58 -> 0 | F58: 4780023328348 | I58: 3305900009
A59: 12 | B59: Стойкая крем краска для волос «Éclair» «3D», тон 9.1 Жемчуг / Light ash blonde | C59: 18 | D59: =E59*C59 -> 0 | F59: 4780023328355 | I59: 3305900009
A60: 13 | B60: Стойкая крем краска для волос «Éclair» «3D», тон 10.20 Холодный блонд / Ultra Light ash blonde | C60: 18 | D60: =E60*C60 -> 0 | F60: 4780023328362 | I60: 3305900009
A61: 14 | B61: Стойкая крем краска для волос «Éclair» «3D», тон 11.13 Жемчужный блонд / Ice blonde | C61: 18 | D61: =E61*C61 -> 0 | F61: 4780023328379 | I61: 3305900009
... A77: 30 | B77: Стойкая крем краска для волос «Éclair» «3D», тон 10.31 Шампань / Naturlar light blonde | C77: 18 | D77: =E77*C77 -> 0 | F77: 4780023328539 | I77: 3305900009
I78: ,
A79: № | B79: Крем краска для бровей "ELETT" «Éclair» в тубах по 20мл / Eyebrow dye cream "ELETT" «Éclair» | D79: =SUM(D80:D81) -> 0 | E79: =SUM(E80:E81) -> 0 | G79: 0.81 | H79: =G79*D79 -> 0 | I79: ,
A80: 1 | B80: Крем краска для бровей "ELETT" тон 4.0 Коричневый / Brown | C80: 30 | D80: =+E80*C80 -> 0 | F80: 4780023326764 | I80: 3304200000
A81: 2 | B81: Крем краска для бровей "ELETT" тон 1.0 Черный /Black | C81: 30 | D81: =+E81*C81 -> 0 | F81: 4780023326757 | I81: 3304200000
I82: ,
B83: Осветление волос | I83: ,
A84: № | B84: Осветляющие средства для волос «Éclair» / Hair bleaching products «Éclair» | D84: =SUM(D85:D86) -> 0 | E84: =SUM(E85:E86) -> 0 | H84: =SUM(H85:H86) -> 0 | I84: ,
A85: 1 | B85: Осветлитель для волос "Super Blond", в саше пакетиках / Hair bleaching "Super Blond", sachet package | C85: 30 | D85: =E85*C85 -> 0 | F85: 4780023320649 | G85: 0.47 | H85: =G85*D85 -> 0 | I85: 3305900009
A86: 2 | B86: Осветлитель для волосm"Ultra Blond" в саше пакетиках / Super Hair bleaching "Ultra Blond" , sachet package | C86: 20 | D86: =E86*C86 -> 0 | F86: 4780023322902 | G86: 0.52 | H86: =G86*D86 -> 0 | I86: 3305900009
I87: ,
B88: Уход | I88: ,
B89: Окрашивающий шампунь "Coloring shampoo" «Éclair» для борьбы с сединой 25 мл / Coloring shampoo "Coloring shampoo" «Éclair» is a cpecial anti gray 25 ml | D89: =D91+D90 -> 0 | E89: =E90+E91 -> 0 | F89: 4780023327693 | G89: 0.19 | H89: =G89*D89 -> 0
A90: 1 | B90: Окрашивающий шампунь чёрный для борьбы с сединой 25 мл / Coloring shampoo black «Éclair» is a cpecial anti gray 25 ml | C90: 180 | D90: =C90*E90 -> 0 | F90: 4780023327693 | I90: 3305100000
A91: 2 | B91: Окрашивающий шампунь темно-корычневый для борьбы с сединой 25 мл / Coloring shampoo dark brown is a cpecial anti gray 25 ml | C91: 180 | D91: =C91*E91 -> 0 | F91: 4780023329215 | I91: 3305100000
I92: ,
B93: Восстанавливающий шампунь с Д - пантенолом 10 мл «Éclair» / Shampoo intensive hair restoration with D-panthenol | C93: 1200 | D93: =C93*E93 -> 0 | F93: 4780016511108 | G93: 0.025 | H93: =G93*D93 -> 0 | I93: 3305100000
I94: ,
B95: Шампунь для волос INTENSIVE «Éclair», 410 мл / Shampoo for hair | C95: 18 | D95: =+C95*E95 -> 0 | F95: 4780016511092 | G95: 0.8 | H95: =G95*D95 -> 0 | I95: 3305100000
I96: ,
A97: № | B97: Шампуни для волос «Éclair» 900 мл / Shampoos for hair «Éclair» | D97: =SUM(D98:D102) -> 0 | E97: =SUM(E98:E102) -> 0 | G97: 1.59 | H97: =G97*D97 -> 0 | I97: ,
A98: 1 | B98: Шампунь для волос "INFRA CARE" питание и уход на каждый день / Shampoo for hair "INFRA CARE" nutrition and care for every day | C98: 8 | D98: =E98*C98 -> 0 | F98: 4780023323398 | I98: 3305100000
A99: 2 | B99: Шампунь для волос "INFRA CARE" для восстановления волос / Shampoo for hair "INFRA CARE" for recovery | C99: 8 | D99: =E99*C99 -> 0 | F99: 4780023323381 | I99: 3305100000
A100: 3 | B100: Шампунь для волос "EXPERT" с маслом арганы для всех типов волос / Shampoo for hair "EXPERT" with argan oil for all types | C100: 8 | D100: =E100*C100 -> 0 | F100: 4780023323404 | I100: 3305100000
A101: 4 | B101: Шампунь для волос "INFRA CARE" Чеснок сила роскошных волос / Shampoo for hair "INFRA CARE" Garlic the power of luxurious hair | C101: 8 | D101: =E101*C101 -> 0 | F101: 4780023325651 | I101: 3305100000
A102: 5 | B102: Шампунь для волос "EXPERT" с маслом красного перца для жирных волос / Shampoo for hair "EXPERT" with red pepper oil for oily hair | C102: 8 | D102: =E102*C102 -> 0 | F102: 4780023325668 | I102: 3305100000
A104: № | B104: Бальзам для волос «Éclair» 900 мл / Hair balm «Éclair» | D104: =SUM(D105) -> 0 | E104: =SUM(E105) -> 0 | G104: 1.65 | H104: =G104*D104 -> 0 | I104: ,
A105: 1 | B105: Бальзам для волос "INFRA CARE" для восстановления с маслом авокадо / Hair balm "INFRA CARE" for recovery with avocado oil | C105: 8 | D105: =E105*C105 -> 0 | F105: 4780023326429 | I105: 3305900009
A107: № | B107: Шампуни для волос «INFRA CARE» парфюмерный аромат 830 мл / Shampoos for hair «INFRA CARE» parfume aroma 830 ml | D107: =SUM(D108:D111) -> 0 | E107: =SUM(E108:E111) -> 0 | G107: 1.59 | H107: =G107*D107 -> 0 | I107: ,
A108: 1 | B108: Шампунь для волос "INFRA CARE" комлексный уход - глубокое увлажнения / Shampoo for hair "INFRA CARE" сomprehensive сare - deep hydration | C108: 8 | D108: =E108*C108 -> 0 | F108: 4780141191329 | I108: 3305100000
A109: 2 | B109: Шампунь для волос "INFRA CARE" премиум уход - бриллиантовый блеск / Shampoo for hair "INFRA CARE" premium care - diamond shine | C109: 8 | D109: =E109*C109 -> 0 | F109: 4780141191336 | I109: 3305100000
A110: 3 | B110: Шампунь для волос "INFRA CARE" основной уход - нежная гладкость / Shampoo for hair "INFRA CARE" essential care - gentle smoothness | C110: 8 | D110: =E110*C110 -> 0 | F110: 4780141191312 | I110: 3305100000
I111: ,
A112: № | B112: Шампунь для волос SPUMA «Éclair» 400 мл / Shampoos for hair SPUMA | D112: =SUM(D113:D118) -> 0 | E112: =SUM(E113:E118) -> 0 | G112: 0.76 | H112: =G112*D112 -> 0 | I112: ,
A113: 1 | B113: Шампунь с экстрактом молочной сыворотки, укрепления волос КОЗЬЕ МОЛОКО / Shampoo for hair GOAT MILK hair nourish restore | C113: 18 | D113: =E113*C113 -> 0 | F113: 4780141191237 | I113: 3305100000
A114: 2 | B114: Шампунь протеиновый уход и питание для всех типов волос КЕФИР / Shampoo for hair SOUR MILK hair health nutrition | C114: 18 | D114: =E114*C114 -> 0 | F114: 4780141191220 | I114: 3305100000
A115: 3 | B115: Шампунь для волос интенсивное питание яичный экстракт и лецитин ЯИЧНЫЙ ЖЕЛТОК / Shampoo for hair EGG YOLK hair gloss & power | C115: 18 | D115: =E115*C115 -> 0 | F115: 4780141191275 | I115: 3305100000
A116: 4 | B116: Шампунь для жирных волос с экстрактом зелёного чая ЗЕЛЁНЫЙ ЧАЙ / Shampoo for hair GREEN TEA hair natural revitalizing | C116: 18 | D116: =E116*C116 -> 0 | F116: 4780141191244 | I116: 3305100000
A117: 5 | B117: Шампунь для усиления роста волос с маслом репейника РЕПЕЙНИК / Shampoo for hair BURDOCK OIL hair soft & smooth | C117: 18 | D117: =C117*E117 -> 0 | F117: 4780141191268 | I117: 3305100000
A118: 6 | B118: Шампунь для увлажнение сухих волос, с экстрактом олоэ вера и д-пантенол АЛОЭ ВЕРА / Shampoo for hair ALOE VERA hair softens deeply | C118: 18 | D118: =C118*E118 -> 0 | F118: 4780141191251 | I118: 3305100000
A120: № | B120: Бальзамов-ополаскиватель для волос SPUMA «Éclair», 240 мл / Hair balm-conditioner SPUMA «Éclair» | D120: =SUM(D121:D124) -> 0 | E120: =SUM(E121:E124) -> 0 | G120: 0.47 | H120: =G120*D120 -> 0 | I120: ,
A121: 1 | B121: Бальзам - ополаскиватель для волос Зеленый чай / Balm - conditioner for hair Green tea | C121: 20 | D121: =C121*E121 -> 0 | F121: 4780141190490 | I121: 3305900009
A122: 2 | B122: Бальзам - ополаскиватель для волос Алоэ Вера / Balm - hair conditioner Aloe Vera | C122: 20 | D122: =C122*E122 -> 0 | F122: 4780141190513 | I122: 3305900009
A123: 3 | B123: Бальзам - ополаскиватель для волос Репейный / Balm - hair conditioner Burdock | C123: 20 | D123: =C123*E123 -> 0 | F123: 4780141190506 | I123: 3305900009
A124: 4 | B124: Бальзам - ополаскиватель для волос Яичный / Balm - conditioner for hair Egg | C124: 20 | D124: =C124*E124 -> 0 | F124: 4780141190520 | I124: 3305900009
A126: № | B126: Бальзамов-ополаскиватель для волос SPUMA «Éclair», 500 мл / Hair balm-conditioner SPUMA «Éclair» | D126: =SUM(D127:D132) -> 0 | E126: =SUM(E127:E132) -> 0 | G126: 0.83 | H126: =G126*D126 -> 0 | I126: ,
A127: 1 | B127: Бальзам - ополаскиватель для волос Козье молоко (для интенсивного укрепления ломких волос) / Balm - conditioner for hair Goat milk (for intensive strengthening of brittle hair) | C127: 18 | D127: =C127*E127 -> 0 | F127: 4780023321363 | I127: 3305900009
A128: 2 | B128: Бальзам - ополаскиватель для волос Кефир (с мультивитаминами для любого типа волос) / Balm - conditioner for hair Kefir (with multivitamins for any type of hair) | C128: 18 | D128: =C128*E128 -> 0 | F128: 4780023321370 | I128: 3305900009
A129: 3 | B129: Бальзам - ополаскиватель для волос Зеленый чай (для чувствительной кожи головы и хрупких волос) / Balm - conditioner for hair Green tea (for sensitive scalp and fragile hair) | C129: 18 | D129: =C129*E129 -> 0 | F129: 4780023321387 | I129: 3305900009
A130: 4 | B130: Бальзам - ополаскиватель для волос Алоэ & Витамин Е (для жирных и проблемных волос) / Balm - hair conditioner Aloe & Vitamin E (for oily and problematic hair) | C130: 18 | D130: =C130*E130 -> 0 | F130: 4780023321394 | I130: 3305900009
A131: 5 | B131: Бальзам - ополаскиватель для волос Репейный (с витаминами А и Е) / Balm - hair conditioner Burdock (with vitamins A and E) | C131: 18 | D131: =C131*E131 -> 0 | F131: 4780023321400 | I131: 3305900009
A132: 6 | B132: Бальзам - ополаскиватель для волос Яичный (для укрепления тонких и поврежденных волос) / Balm - conditioner for hair Egg (for strengthening thin and damaged hair) | C132: 18 | D132: =C132*E132 -> 0 | F132: 4780023321417 | I132: 3305900009
I133: ,
A134: № | B134: Шампунь для волос "ERSOLLE" «Éclair», 1000 мл / Hair shampoo | D134: =SUM(D135:D138) -> 0 | E134: =SUM(E135:E138) -> 0 | G134: 1.72 | H134: =G134*D134 -> 0 | I134: ,
A135: 1 | B135: Шампунь для нормалных волос / Shampoo for normal hair | C135: 8 | D135: =C135*E135 -> 0 | F135: 4780023326375 | I135: 3305100000
A136: 2 | B136: Шампунь питание и укрепление волос / Shampoo nutrition and hair strengthening | C136: 8 | D136: =C136*E136 -> 0 | F136: 4780023326382 | I136: 3305100000
A137: 3 | B137: Шампунь питательный для всех типов волос / Shampoo nourishing for all hair types | C137: 8 | D137: =C137*E137 -> 0 | F137: 4780023326368 | I137: 3305100000
A138: 4 | B138: Шампунь шоколадный для интенсивного ухода за жирными волосами / Shampoo chocolate for intensive care for oily hair | C138: 8 | D138: =C138*E138 -> 0 | F138: 4780023326528 | I138: 3305100000
A140: № | B140: Бальзамов-ополаскиватель для волос "ERSOLLE" «Éclair», 500 мл / Hair balm-conditioner | D140: =SUM(D141:D144) -> 0 | E140: =SUM(E141:E144) -> 0 | G140: 0.85 | H140: =G140*D140 -> 0 | I140: ,
A141: 1 | B141: Бальзам для нормалных волос / Balm for normal hair | C141: 18 | D141: =C141*E141 -> 0 | F141: 4780023326405 | I141: 3305900009
A142: 2 | B142: Бальзам питание и укрепление волос / Balm hair nutrition and hair strengthening | C142: 18 | D142: =C142*E142 -> 0 | F142: 4780023326412 | I142: 3305900009
A143: 3 | B143: Бальзам питательный для всех типов волос / Balm nutritive for all hair types | C143: 18 | D143: =C143*E143 -> 0 | F143: 4780023326399 | I143: 3305900009
A144: 4 | B144: Бальзам шоколодный для интенсивного питания и ухода за волосами / Balm chocolate for intensive nutrition and hair care | C144: 18 | D144: =C144*E144 -> 0 | F144: 4780023326535 | I144: 3305900009
I145: ,
B146: Шампунь для волос "CAREAL" «Éclair» 1000мл / Shampoos for hair "CAREAL" «Éclair» | D146: =SUM(D147:D149) -> 0 | E146: =SUM(E147:E149) -> 0 | G146: 1.2 | H146: =G146*D146 -> 0 | I146: ,
A147: 1 | B147: Шампунь для частого применения "CAREAL" «PERFUME AROMA» / Shampoo for frequent use "CAREAL" «PERFUME AROMA» | C147: 8 | D147: =+C147*E147 -> 0 | F147: 4780023328898 | H147: =G147*D147 -> 0 | I147: 3305100000
...

Sheet логист.данные  logistic dim
A1: № з/п | B1: Код | C1: Продукция | D1: Ящики
D2: Ширина, м | E2: Длина, м | F2: Высота, м | G2: Объем, м. куб. | H2: Вес, кг брутто | I2: Вес, кг нетто | J2: К-во, ящ. | K2: ИТОГО Вес брутто кг | L2: ИТОГО Вес нетто кг | M2: ИТОГО Объем, м. куб.
A3: 1 | C3: Стойкая крем-краска для волос «Éclair» с маслами «OMEGA 9», в саше пакетиках / Permanent hair color cream «Éclair» with «OMEGA-9» oils, sachet package | D3: 0.29 | E3: 0.26 | F3: 0.174 | G3: =ROUND(D3*E3*F3,4) -> 0.0131 | H3: 3.68 | I3: 3.504 | J3: ='заказ-order'!E5 -> 0 | K3: =H3*J3 -> 0 | L3: =I3*J3 -> 0 | M3: =J3*D3*E3*F3 -> 0
A4: 3 | C4: Стойкая крем краска для волос «Éclair» «3D», в тубах по 50 мл / Permanent hair color cream «Éclair» «3D», in tubes 50 ml | D4: 0.29 | E4: 0.198 | F4: 0.173 | G4: =ROUND(D4*E4*F4,4) -> 0.0099 | H4: 2.58 | I4: 2.448 | J4: ='заказ-order'!E47 -> 0 | K4: =H4*J4 -> 0 | L4: =I4*J4 -> 0 | M4: =J4*D4*E4*F4 -> 0
A5: 4 | C5: Крем краска для бровей "ELETT" «Éclair» в тубах по 20мл / Eyebrow dye cream "ELETT" «Éclair» | D5: 0.238 | E5: 0.19 | F5: 0.13 | G5: =ROUND(D5*E5*F5,4) -> 0.0059 | H5: 1.8 | I5: 1.68 | J5: ='заказ-order'!E79 -> 0 | K5: =H5*J5 -> 0 | L5: =I5*J5 -> 0 | M5: =J5*D5*E5*F5 -> 0
A6: 5 | C6: Осветлитель для волос "Super Blond", в саше пакетиках / Hair bleaching "Super Blond", sachet package | D6: 0.415 | E6: 0.28 | F6: 0.18 | G6: =ROUND(D6*E6*F6,4) -> 0.0209 | H6: 3.48 | I6: 3.22 | J6: ='заказ-order'!E85 -> 0 | K6: =H6*J6 -> 0 | L6: =I6*J6 -> 0 | M6: =J6*D6*E6*F6 -> 0
A7: 6 | C7: Осветлитель для волосm"Ultra Blond" в саше пакетиках / Super Hair bleaching "Ultra Blond" , sachet package | D7: 0.33 | E7: 0.235 | F7: 0.18 | G7: =ROUND(D7*E7*F7,4) -> 0.014 | H7: 2.316 | I7: 2.12 | J7: ='заказ-order'!E86 -> 0 | K7: =H7*J7 -> 0 | L7: =I7*J7 -> 0 | M7: =J7*D7*E7*F7 -> 0
A8: 7 | C8: Окрашивающий шампунь "Coloring shampoo" «Éclair» для борьбы с сединой 25 мл / Coloring shampoo "Coloring shampoo" «Éclair» is a cpecial anti gray 25 ml | D8: 0.328 | E8: 0.194 | F8: 0.259 | G8: =ROUND(D8*E8*F8,4) -> 0.0165 | H8: 4.9 | I8: 4.68 | J8: ='заказ-order'!E89 -> 0 | K8: =H8*J8 -> 0 | L8: =I8*J8 -> 0 | M8: =J8*D8*E8*F8 -> 0
A9: 8 | C9: Восстанавливающий шампунь с Д - пантенолом 10 мл «Éclair» / Shampoo intensive hair restoration with D-panthenol | D9: 0.375 | E9: 0.495 | F9: 0.19 | G9: =ROUND(D9*E9*F9,4) -> 0.0353 | H9: 12.34 | I9: 11.6 | J9: ='заказ-order'!E93 -> 0 | K9: =H9*J9 -> 0 | L9: =I9*J9 -> 0 | M9: =J9*D9*E9*F9 -> 0
A10: 9 | C10: Шампунь для волос INTENSIVE «Éclair», 410 мл / Shampoo for hair INTENSIVE | D10: 0.262 | E10: 0.237 | F10: 0.22 | G10: =ROUND(D10*E10*F10,4) -> 0.0137 | H10: 8.16 | I10: 7.98 | J10: ='заказ-order'!E95 -> 0 | K10: =H10*J10 -> 0 | L10: =I10*J10 -> 0 | M10: =J10*D10*E10*F10 -> 0
A11: 10 | C11: Шампуни для волос "Infra Care" 900 мл / Shampoos for hair "Infra Care" 900 ml | D11: 0.33 | E11: 0.165 | F11: 0.255 | G11: =ROUND(D11*E11*F11,4) -> 0.0139 | H11: 8.02 | I11: 7.84 | J11: ='заказ-order'!E97 -> 0 | K11: =H11*J11 -> 0 | L11: =I11*J11 -> 0 | M11: =J11*D11*E11*F11 -> 0
A12: 11 | C12: Бальзам для волос "Infra Care" 900 мл / Hair balm "Infra Care" «Éclair» 900 ml | D12: 0.33 | E12: 0.165 | F12: 0.255 | G12: =ROUND(D12*E12*F12,4) -> 0.0139 | H12: 8 | I12: 7.82 | J12: ='заказ-order'!E104 -> 0 | K12: =H12*J12 -> 0 | L12: =I12*J12 -> 0 | M12: =J12*D12*E12*F12 -> 0
A13: 12 | C13: Шампуни для волос «Éclair» 830 мл / Shampoos for hair «Éclair» 830 ml | D13: 0.27 | E13: 0.195 | F13: 0.258 | G13: =ROUND(D13*E13*F13,4) -> 0.0136 | H13: 7.44 | I13: 7.28 | J13: =+'заказ-order'!E107 -> 0 | K13: =H13*J13 -> 0 | L13: =I13*J13 -> 0 | M13: =J13*D13*E13*F13 -> 0
A14: 13 | C14: Шампунь для волос SPUMA «Éclair» 400 мл / Shampoos for hair SPUMA | D14: 0.262 | E14: 0.237 | F14: 0.22 | G14: =ROUND(D14*E14*F14,4) -> 0.0137 | H14: 8.14 | I14: 7.96 | J14: ='заказ-order'!E112 -> 0 | K14: =H14*J14 -> 0 | L14: =I14*J14 -> 0 | M14: =J14*D14*E14*F14 -> 0
A15: 14 | C15: Бальзамов-ополаскиватель для волос SPUMA «Éclair», 240 мл / Hair balm-conditioner SPUMA «Éclair», 240 ml | D15: 0.3 | E15: 0.178 | F15: 0.191 | G15: =ROUND(D15*E15*F15,4) -> 0.0102 | H15: 5.58 | I15: 5.6 | J15: ='заказ-order'!E120 -> 0 | K15: =H15*J15 -> 0 | L15: =I15*J15 -> 0 | M15: =J15*D15*E15*F15 -> 0
A16: 15 | C16: Бальзамов-ополаскиватель для волос SPUMA «Éclair», 500 мл / Hair balm-conditioner SPUMA «Éclair», 500 ml | D16: 0.265 | E16: 0.265 | F16: 0.22 | G16: =ROUND(D16*E16*F16,4) -> 0.0154 | H16: 10.02 | I16: 9.82 | J16: ='заказ-order'!E126 -> 0 | K16: =H16*J16 -> 0 | L16: =I16*J16 -> 0 | M16: =J16*D16*E16*F16 -> 0
A17: 16 | C17: Шампунь для волос "ERSOLLE" «Éclair», 1000 мл / Hair shampoo | D17: 0.324 | E17: 0.164 | F17: 0.293 | G17: =ROUND(D17*E17*F17,4) -> 0.0156 | H17: 8.88 | I17: 8.68 | J17: ='заказ-order'!E134 -> 0 | K17: =H17*J17 -> 0 | L17: =I17*J17 -> 0 | M17: =J17*D17*E17*F17 -> 0
A18: 17 | C18: Бальзамов-ополаскиватель для волос "ERSOLLE" «Éclair», 500 мл / Hair balm-conditioner | D18: 0.275 | E18: 0.265 | F18: 0.225 | G18: =ROUND(D18*E18*F18,4) -> 0.0164 | H18: 9.96 | I18: 9.76 | J18: ='заказ-order'!E140 -> 0 | K18: =H18*J18 -> 0 | L18: =I18*J18 -> 0 | M18: =J18*D18*E18*F18 -> 0
A19: 18 | C19: Шампунь для волос "CAREAL" «Éclair» 1000мл / Shampoos for hair "CAREAL" «Éclair» | D19: 0.324 | E19: 0.164 | F19: 0.293 | G19: =ROUND(D19*E19*F19,4) -> 0.0156 | H19: 8.788 | I19: 9 | J19: ='заказ-order'!E146 -> 0 | K19: =H19*J19 -> 0 | L19: =I19*J19 -> 0 | M19: =J19*D19*E19*F19 -> 0
A20: 19 | C20: Шампунь для волос "BELANSA" «Éclair» 1100мл / Shampoos for hair "BELANSA" «Éclair» | D20: 0.272 | E20: 0.2 | F20: 0.313 | G20: =ROUND(D20*E20*F20,4) -> 0.017 | H20: 9.74 | I20: 9.504 | J20: ='заказ-order'!E151 -> 0 | K20: =H20*J20 -> 0 | L20: =I20*J20 -> 0 | M20: =J20*D20*E20*F20 -> 0
A21: 20 | C21: Шампунь для волос "HAIREC" «Éclair» 730мл / Shampoos for hair "HAIREC" «Éclair» | D21: 0.287 | E21: 0.19 | F21: 0.285 | G21: =ROUND(D21*E21*F21,4) -> 0.0155 | H21: 8.23 | I21: 8.074 | J21: ='заказ-order'!E157 -> 0 | K21: =H21*J21 -> 0 | L21: =I21*J21 -> 0 | M21: =J21*D21*E21*F21 -> 0
A22: 21 | C22: Шампунь для волос "REVITA" «Éclair» 730мл / Shampoos for hair "REVITA" «Éclair» | D22: 0.287 | E22: 0.19 | F22: 0.285 | G22: =ROUND(D22*E22*F22,4) -> 0.0155 | H22: 8.26 | I22: 8.06 | J22: ='заказ-order'!E163 -> 0 | K22: =H22*J22 -> 0 | L22: =I22*J22 -> 0 | M22: =J22*D22*E22*F22 -> 0
A23: 22 | C23: Бальзам для волос "REVITA" «Éclair» 710мл / Balm hair "REVITA" «Éclair» | D23: 0.287 | E23: 0.19 | F23: 0.285 | G23: =ROUND(D23*E23*F23,4) -> 0.0155 | H23: 8.08 | I23: 7.88 | J23: ='заказ-order'!E169 -> 0 | K23: =H23*J23 -> 0 | L23: =I23*J23 -> 0 | M23: =J23*D23*E23*F23 -> 0
A24: 23 | C24: Гель для душа "REVITA" «Éclair» 730мл / Shower gel "REVITA" «Éclair» | D24: 0.287 | E24: 0.19 | F24: 0.285 | G24: =ROUND(D24*E24*F24,4) -> 0.0155 | H24: 8.26 | I24: 8.06 | J24: ='заказ-order'!E175 -> 0 | K24: =H24*J24 -> 0 | L24: =I24*J24 -> 0 | M24: =J24*D24*E24*F24 -> 0
A25: 24 | C25: Шампунь для волос "BRIO" для мужчин «Éclair» 730мл / Shampoos for hair "BRIO" for men «Éclair» | D25: 0.287 | E25: 0.19 | F25: 0.285 | G25: =ROUND(D25*E25*F25,4) -> 0.0155 | H25: 8.24 | I25: 8.06 | J25: ='заказ-order'!E181 -> 0 | K25: =H25*J25 -> 0 | L25: =I25*J25 -> 0 | M25: =J25*D25*E25*F25 -> 0
A26: 25 | C26: Гель для душа "BRIO" для мужчин «Éclair» 730мл / Shower gel "BRIO" for men «Éclair» | D26: 0.287 | E26: 0.19 | F26: 0.285 | G26: =ROUND(D26*E26*F26,4) -> 0.0155 | H26: 8.28 | I26: 8.08 | J26: ='заказ-order'!E186 -> 0 | K26: =H26*J26 -> 0 | L26: =I26*J26 -> 0 | M26: =J26*D26*E26*F26 -> 0
A27: 26 | C27: Крем для бритья BRIO «Éclair» в тубах по 75 мл / Shaving cream BRIO «Éclair» 75 mlin tubes | D27: 0.24 | E27: 0.17 | F27: 0.17 | G27: =ROUND(D27*E27*F27,4) -> 0.0069 | H27: 2.334 | I27: 2.208 | J27: ='заказ-order'!E191 -> 0 | K27: =H27*J27 -> 0 | L27: =I27*J27 -> 0 | M27: =J27*D27*E27*F27 -> 0
A28: 27 | C28: Крем после бритья BRIO «Éclair» в тубах по 50 мл / After shave cream BRIO «Éclair» 50 ml in tubes | D28: 0.25 | E28: 0.19 | F28: 0.135 | G28: =ROUND(D28*E28*F28,4) -> 0.0064 | H28: 1.676 | I28: 1.536 | J28: ='заказ-order'!E196 -> 0 | K28: =H28*J28 -> 0 | L28: =I28*J28 -> 0 | M28: =J28*D28*E28*F28 -> 0
A29: 28 | C29: Детский шампунь "HANY" «Éclair Kids» 240мл / Baby shampoo "HANY" «Éclair Kids» | D29: 0.31 | E29: 0.178 | F29: 0.193 | G29: =ROUND(D29*E29*F29,4) -> 0.0106 | H29: 5.62 | I29: 5.44 | J29: ='заказ-order'!E201 -> 0 | K29: =H29*J29 -> 0 | L29: =I29*J29 -> 0 | M29: =J29*D29*E29*F29 -> 0
A30: 29 | C30: Детский шампунь "UPPY" «Éclair» без сульфатов и краситилей 250 мл / Baby shampoo "UPPY" «Éclair» without sulfates and dyes 250 ml | D30: 0.265 | E30: 0.225 | F30: 0.18 | G30: =ROUND(D30*E30*F30,4) -> 0.0107 | H30: 5.123 | I30: 4.932 | J30: ='заказ-order'!E206 -> 0 | K30: =H30*J30 -> 0 | L30: =I30*J30 -> 0 | M30: =J30*D30*E30*F30 -> 0
A31: 30 | C31: Детское масло "UPPY" «Éclair» для чуствительной кожи 160 мл / Baby oil "UPPY"«Éclair» for sensitive skin 160 ml | D31: 0.29 | E31: 0.18 | F31: 0.17 | G31: =ROUND(D31*E31*F31,4) -> 0.0089 | H31: 3.78 | I31: 3.64 | J31: ='заказ-order'!E207 -> 0 | K31: =H31*J31 -> 0 | L31: =I31*J31 -> 0 | M31: =J31*D31*E31*F31 -> 0
A32: 31 | C32: Детский крем "UPPY" «Éclair» гипоаллергеенный 60 мл / Baby cream "UPPY" «Éclair» hypoallergenic 60 ml | D32: 0.255 | E32: 0.185 | F32: 0.135 | G32: =ROUND(D32*E32*F32,4) -> 0.0064 | H32: 2.48 | I32: 2.359 | J32: ='заказ-order'!E208 -> 0 | K32: =H32*J32 -> 0 | L32: =I32*J32 -> 0 | M32: =J32*D32*E32*F32 -> 0
A33: 32 | C33: Детская пресипка "UPPY" «Éclair» сохряняет сухост кожи 100 мл / Baby powder "UPPY" "Éclair" keeps the skin dry 100 ml | D33: 0.265 | E33: 0.207 | F33: 0.135 | G33: =ROUND(D33*E33*F33,4) -> 0.0074 | H33: 3.04 | I33: 2.904 | J33: ='заказ-order'!E209 -> 0 | K33: =H33*J33 -> 0 | L33: =I33*J33 -> 0 | M33: =J33*D33*E33*F33 -> 0
A34: 33 | C34: Десткое туалетное мыло "UPPY" «Éclair» не раздражает кожу 90 гр / Baby soap "UPPY" "Éclair" does not irritate the skin 90 gr | D34: 0.258 | E34: 0.17 | F34: 0.188 | G34: =ROUND(D34*E34*F34,4) -> 0.0082 | H34: 4.56 | I34: 4.44 | J34: ='заказ-order'!E210 -> 0 | K34: =H34*J34 -> 0 | L34: =I34*J34 -> 0 | M34: =J34*D34*E34*F34 -> 0
A35: 34 | C35: Шампун для волос "Amfiora" «Éclair» 830 мл / Shampoo for hair 830 ml | D35: 0.27 | E35: 0.195 | F35: 0.258 | G35: =ROUND(D35*E35*F35,4) -> 0.0136 | H35: 8.8 | I35: 8.6 | J35: ='заказ-order'!E213 -> 0 | K35: =H35*J35 -> 0 | L35: =I35*J35 -> 0 | M35: =J35*D35*E35*F35 -> 0
A36: 35 | C36: Бальзам для волос "Amfiora" «Éclair» 500 мл / Hair balm 500 ml | D36: 0.315 | E36: 0.31 | F36: 0.18 | G36: =ROUND(D36*E36*F36,4) -> 0.0176 | H36: 10.1 | I36: 9.84 | J36: ='заказ-order'!E214 -> 0 | K36: =H36*J36 -> 0 | L36: =I36*J36 -> 0 | M36: =J36*D36*E36*F36 -> 0
A37: 36 | C37: Пенка для умывания лица "Amfiora" «Éclair» , в тубах по 180 мл / Face foam cleancer 180 ml in tubes | D37: 0.3 | E37: 0.158 | F37: 0.168 | G37: =ROUND(D37*E37*F37,4) -> 0.008 | H37: 3.7 | I37: 3.58 | J37: ='заказ-order'!E215 -> 0 | K37: =H37*J37 -> 0 | L37: =I37*J37 -> 0 | M37: =J37*D37*E37*F37 -> 0
A38: 37 | C38: Скраб для лица "Amfiora" «Éclair» , в тубах по 150 мл / Face scrub 150 ml in tubes | D38: 0.3 | E38: 0.158 | F38: 0.168 | G38: =ROUND(D38*E38*F38,4) -> 0.008 | H38: 3.18 | I38: 3.04 | J38: ='заказ-order'!E216 -> 0 | K38: =H38*J38 -> 0 | L38: =I38*J38 -> 0 | M38: =J38*D38*E38*F38 -> 0
A39: 38 | C39: Крем для депиляции "Amfiora" «Éclair» в тубах по 100 мл / Depilatory cream 100 ml in tubes | D39: 0.316 | E39: 0.19 | F39: 0.177 | G39: =ROUND(D39*E39*F39,4) -> 0.0106 | H39: 2.72 | I39: 2.56 | J39: ='заказ-order'!E217 -> 0 | K39: =H39*J39 -> 0 | L39: =I39*J39 -> 0 | M39: =J39*D39*E39*F39 -> 0
A40: 39 | C40: Крем для лица "Amfiora" «Éclair» в баночках по 150 мл / Face cream 150 ml in jars | D40: 0.285 | E40: 0.215 | F40: 0.18 | G40: =ROUND(D40*E40*F40,4) -> 0.011 | H40: 6.62 | I40: 6.4 | J40: ='заказ-order'!E218 -> 0 | K40: =H40*J40 -> 0 | L40: =I40*J40 -> 0 | M40: =J40*D40*E40*F40 -> 0
A41: 40 | C41: Крем для рук "Amfiora" «Éclair» в баночках по 150 мл / Hand cream 150 ml in jars | D41: 0.285 | E41: 0.215 | F41: 0.18 | G41: =ROUND(D41*E41*F41,4) -> 0.011 | H41: 6.62 | I41: 6.4 | J41: ='заказ-order'!E219 -> 0 | K41: =H41*J41 -> 0 | L41: =I41*J41 -> 0 | M41: =J41*D41*E41*F41 -> 0
A42: 41 | C42: Крем для ног "Amfiora" «Éclair» в баночках 75 мл / Foot cream 75 ml in jars | D42: 0.215 | E42: 0.215 | F42: 0.15 | G42: =ROUND(D42*E42*F42,4) -> 0.0069 | H42: 3.7 | I42: 3.52 | J42: ='заказ-order'!E220 -> 0 | K42: =H42*J42 -> 0 | L42: =I42*J42 -> 0 | M42: =J42*D42*E42*F42 -> 0
A43: 42 | C43: Туалетное мыло "Amfiora" «Éclair»140 гр. / Toilet soap 140 gr. | D43: 0.345 | E43: 0.2 | F43: 0.145 | G43: =ROUND(D43*E43*F43,4) -> 0.01 | H43: 6.54 | I43: 6.38 | J43: ='заказ-order'!E221 -> 0 | K43: =H43*J43 -> 0 | L43: =I43*J43 -> 0 | M43: =J43*D43*E43*F43 -> 0
A44: 43 | C44: Шампунь для волос "Двойная сила для интенсивного ухода" "EXXPER" «Éclair» 400 мл / Hair shampoo "Double strength for intensive care" 400 ml | D44: 0.295 | E44: 0.16 | F44: 0.25 | G44: =ROUND(D44*E44*F44,4) -> 0.0118 | H44: 7.2 | I44: 7.04 | J44: ='заказ-order'!E224 -> 0 | K44: =H44*J44 -> 0 | L44: =I44*J44 -> 0 | M44: =J44*D44*E44*F44 -> 0
A45: 44 | C45: Бальзам-ополаскиватель для поврежденных и туслых волос "EXXPER" «Éclair» 240 мл / Balm -conditioner for damaged and dull hair 240 ml | D45: 0.3 | E45: 0.178 | F45: 0.191 | G45: =ROUND(D45*E45*F45,4) -> 0.0102 | H45: 5.6 | I45: 5.46 | J45: ='заказ-order'!E225 -> 0 | K45: =H45*J45 -> 0 | L45: =I45*J45 -> 0 | M45: =J45*D45*E45*F45 -> 0
A46: 45 | C46: Гель для душа "Комфортное очищение для волос и тела" "EXXPER" «Éclair» 250 мл / Shower gel "Comfortable cleansing for hair and body" 250 ml | D46: 0.295 | E46: 0.14 | F46: 0.2 | G46: =ROUND(D46*E46*F46,4) -> 0.0083 | H46: 4.62 | I46: 4.48 | J46: ='заказ-order'!E226 -> 0 | K46: =H46*J46 -> 0 | L46: =I46*J46 -> 0 | M46: =J46*D46*E46*F46 -> 0
A47: 46 | C47: Бальзам после бритья "Увлажнение и питание" "EXXPER" «Éclair» 140 мл / After shave balm "Moisturizing and nutrition" 140 ml | D47: 0.295 | E47: 0.175 | F47: 0.15 | G47: =ROUND(D47*E47*F47,4) -> 0.0077 | H47: 3.44 | I47: 3.32 | J47: ='заказ-order'!E227 -> 0 | K47: =H47*J47 -> 0 | L47: =I47*J47 -> 0 | M47: =J47*D47*E47*F47 -> 0
A48: 47 | C48: Шампунь для волос "ELETT" «Éclair» 380 мл / Shampoo for hair "ELETT" «Éclair» | D48: 0.265 | E48: 0.26 | F48: 0.216 | G48: =ROUND(D48*E48*F48,4) -> 0.0149 | H48: 7.78 | I48: 7.56 | J48: ='заказ-order'!E229 -> 0 | K48: =H48*J48 -> 0 | L48: =I48*J48 -> 0 | M48: =J48*D48*E48*F48 -> 0
A49: 48 | C49: Масло сыворотка для волос "ELETT" «Éclair» 100мл / Hair Serum oil for hair "ELETT" «Éclair» | D49: 0.263 | E49: 0.174 | F49: 0.157 | G49: =ROUND(D49*E49*F49,4) -> 0.0072 | H49: 3.27 | I49: 3.144 | J49: ='заказ-order'!E236 -> 0 | K49: =H49*J49 -> 0 | L49: =I49*J49 -> 0 | M49: =J49*D49*E49*F49 -> 0
A50: 49 | C50: Мицеллярная вода "ELETT" «Éclair», 400 мл / Micellar water "ELETT" «Éclair», 400 ml | D50: 0.225 | E50: 0.213 | F50: 0.19 | G50: =ROUND(D50*E50*F50,4) -> 0.0091 | H50: 5.3 | I50: 5.16 | J50: ='заказ-order'!E238 -> 0 | K50: =H50*J50 -> 0 | L50: =I50*J50 -> 0 | M50: =J50*D50*E50*F50 -> 0
A51: 50 | C51: Мицеллярная вода "ELETT" «Éclair», 200 мл / Micellar water "ELETT" «Éclair», 200 ml | D51: 0.275 | E51: 0.17 | F51: 0.155 | G51: =ROUND(D51*E51*F51,4) -> 0.0072 | H51: 4.06 | I51: 3.94 | J51: ='заказ-order'!E244 -> 0 | K51: =H51*J51 -> 0 | L51: =I51*J51 -> 0 | M51: =J51*D51*E51*F51 -> 0
A52: 51 | C52: "Diledi" Пенка для умывания лица Нежность Алое в тубах по 180 мл / Face foam cleancer | D52: 0.3 | E52: 0.158 | F52: 0.182 | G52: =ROUND(D52*E52*F52,4) -> 0.0086 | H52: 3.74 | I52: 3.6 | J52: =+'заказ-order'!E249+'заказ-order'!E250 -> 0 | K52: =H52*J52 -> 0 | L52: =I52*J52 -> 0 | M52: =J52*D52*E52*F52 -> 0
A53: 52 | C53: "Diledi" Гидрофильное гель-масло для умывания 200 мл / Hydrophilic Cleansing Gel-Oil 200 ml | D53: 0.245 | E53: 0.145 | F53: 0.175 | G53: =ROUND(D53*E53*F53,4) -> 0.0062 | H53: 3.64 | I53: 3.54 | J53: =+'заказ-order'!E251 -> 0 | K53: =H53*J53 -> 0 | L53: =I53*J53 -> 0 | M53: =J53*D53*E53*F53 -> 0
A54: 53 | C54: "Diledi" Ласьон для тела 300 мл / Body lotion 300 ml | D54: 0.287 | E54: 0.19 | F54: 0.182 | G54: =ROUND(D54*E54*F54,4) -> 0.0099 | H54: 5.46 | I54: 5.312 | J54: =+'заказ-order'!E252 -> 0 | K54: =H54*J54 -> 0 | L54: =I54*J54 -> 0 | M54: =J54*D54*E54*F54 -> 0
A55: 54 | C55: "Diledi" Скраб для тела по 400 мл / Body scrub 400 ml. | D55: 0.293 | E55: 0.197 | F55: 0.151 | G55: =ROUND(D55*E55*F55,4) -> 0.0087 | H55: 5.62 | I55: 5.496 | J55: =+'заказ-order'!E253 -> 0 | K55: =H55*J55 -> 0 | L55: =I55*J55 -> 0 | M55: =J55*D55*E55*F55 -> 0
A56: 55 | C56: "Diledi" Интимный гель 400 мл / Intimate gel 400 ml | D56: 0.285 | E56: 0.2 | F56: 0.153 | G56: =ROUND(D56*E56*F56,4) -> 0.0087 | H56: 4.2 | I56: 4.056 | J56: =+'заказ-order'!E254 -> 0 | K56: =H56*J56 -> 0 | L56: =I56*J56 -> 0 | M56: =J56*D56*E56*F56 -> 0
A57: 56 | C57: Кремы «Éclair», в тубах по 44 мл / Сreams «Éclair» in tubes | D57: 0.255 | E57: 0.13 | F57: 0.16 | G57: =ROUND(D57*E57*F57,4) -> 0.0053 | H57: 2.58 | I57: 2.5 | J57: ='заказ-order'!E256 -> 0 | K57: =H57*J57 -> 0 | L57: =I57*J57 -> 0 | M57: =J57*D57*E57*F57 -> 0
A58: 57 | C58: Крем - депилятор «Éclair», в тубах по 125 мл / Cream - depilatory «Éclair», 125 ml in tubes | D58: 0.315 | E58: 0.187 | F58: 0.212 | G58: =ROUND(D58*E58*F58,4) -> 0.0125 | H58: 3.54 | I58: 3.38 | J58: ='заказ-order'!E268 -> 0 | K58: =H58*J58 -> 0 | L58: =I58*J58 -> 0 | M58: =J58*D58*E58*F58 -> 0
A59: 58 | C59: Крем - депилятор «Éclair», в тубах по 75 мл / Cream - depilatory «Éclair», 75 ml in tubes | D59: 0.31 | E59: 0.21 | F59: 0.169 | G59: =ROUND(D59*E59*F59,4) -> 0.011 | H59: 3.08 | I59: 2.92 | J59: ='заказ-order'!E272 -> 0 | K59: =H59*J59 -> 0 | L59: =I59*J59 -> 0 | M59: =J59*D59*E59*F59 -> 0
A60: 59 | C60: Cпрей освежитель воздуха для дома ''SILQUA'' «Éclair» 400мл/ Spray air freshener for home ''SILQUA'' «Éclair» | D60: 0.29 | E60: 0.175 | F60: 0.264 | G60: =ROUND(D60*E60*F60,4) -> 0.0134 | H60: 6.82 | I60: 6.66 | J60: ='заказ-order'!E276 -> 0 | K60: =H60*J60 -> 0 | L60: =I60*J60 -> 0 | M60: =J60*D60*E60*F60 -> 0
A61: 60 | C61: Крем-мыло «Éclair» 830 мл / Cream soap «Éclair» 830 ml | D61: 0.27 | E61: 0.195 | F61: 0.258 | G61: =ROUND(D61*E61*F61,4) -> 0.0136 | H61: 7.428 | I61: 7.256 | J61: ='заказ-order'!E291 -> 0 | K61: =H61*J61 -> 0 | L61: =I61*J61 -> 0 | M61: =J61*D61*E61*F61 -> 0
A62: 61 | C62: Туалетные мыла ''SILQUA'' «Éclair» 140 г / Toilet soaps ''SILQUA'' «Éclair» | D62: 0.345 | E62: 0.2 | F62: 0.145 | G62: =ROUND(D62*E62*F62,4) -> 0.01 | H62: 6.54 | I62: 6.38 | J62: ='заказ-order'!E303 -> 0 | K62: =H62*J62 -> 0 | L62: =I62*J62 -> 0 | M62: =J62*D62*E62*F62 -> 0
A63: 62 | C63: Туалетные мыла «Éclair» 70 г / Toilet soaps «Éclair» 70 g | D63: 0.392 | E63: 0.177 | F63: 0.135 | G63: =ROUND(D63*E63*F63,4) -> 0.0094 | H63: 6.92 | I63: 6.76 | J63: ='заказ-order'!E310 -> 0 | K63: =H63*J63 -> 0 | L63: =I63*J63 -> 0 | M63: =J63*D63*E63*F63 -> 0
A64: 63 | C64: Туалетные мыла «Éclair» 90 г / Toilet soaps «Éclair» 90 g | D64: 0.325 | E64: 0.18 | F64: 0.185 | G64: =ROUND(D64*E64*F64,4) -> 0.0108 | H64: 6.9 | I64: 6.74 | J64: ='заказ-order'!E312 -> 0 | K64: =H64*J64 -> 0 | L64: =I64*J64 -> 0 | M64: =J64*D64*E64*F64 -> 0
A65: 64 | C65: Туалетные мыла «Éclair» 140 г / Toilet soaps «Éclair» 140 g | D65: 0.335 | E65: 0.2 | F65: 0.15 | G65: =ROUND(D65*E65*F65,4) -> 0.0101 | H65: 6.89 | I65: 6.72 | J65: ='заказ-order'!E321 -> 0 | K65: =H65*J65 -> 0 | L65: =I65*J65 -> 0 | M65: =J65*D65*E65*F65 -> 0
A66: 65 | C66: Туалетные мыла «Éclair» 170 г / Toilet soaps «Éclair» 170 g | D66: 0.35 | E66: 0.21 | F66: 0.153 | G66: =ROUND(D66*E66*F66,4) -> 0.0112 | H66: 8.34 | I66: 8.16 | J66: ='заказ-order'!E330 -> 0 | K66: =H66*J66 -> 0 | L66: =I66*J66 -> 0 | M66: =J66*D66*E66*F66 -> 0
A67: 66 | C67: Универсальное хозяйственное мыло «Éclair»"BARG" 175 гр / Universal Laundry soap «Éclair» "BARG" | D67: 0.334 | E67: 0.192 | F67: 0.155 | G67: =ROUND(D67*E67*F67,4) -> 0.0099 | H67: 8.44 | I67: 8.28 | J67: ='заказ-order'!E339 -> 0 | K67: =H67*J67 -> 0 | L67: =I67*J67 -> 0 | M67: =J67*D67*E67*F67 -> 0
A68: 67 | C68: Средство для мытья посуды "Лимон" 500 мл / Dishwashing liquid "Lemon" 500 ml | D68: 0.265 | E68: 0.2 | F68: 0.22 | G68: =ROUND(D68*E68*F68,4) -> 0.0117 | H68: 6.64 | I68: 6.44 | J68: ='заказ-order'!E343 -> 0 | K68: =H68*J68 -> 0 | L68: =I68*J68 -> 0 | M68: =J68*D68*E68*F68 -> 0
A69: 68 | C69: Средство для мытья посуды "Яблоко" 500 мл / Dishwashing liquid "Apple" 500 ml | D69: 0.265 | E69: 0.2 | F69: 0.22 | G69: =ROUND(D69*E69*F69,4) -> 0.0117 | H69: 6.64 | I69: 6.44 | J69: ='заказ-order'!E344 -> 0 | K69: =H69*J69 -> 0 | L69: =I69*J69 -> 0 | M69: =J69*D69*E69*F69 -> 0
A70: 69 | C70: Средство для очистки стекол и зеркал 500 мл / Glass and mirror cleaner 500 ml | D70: 0.265 | E70: 0.2 | F70: 0.22 | G70: =ROUND(D70*E70*F70,4) -> 0.0117 | H70: 7.04 | I70: 6.84 | J70: ='заказ-order'!E345 -> 0 | K70: =H70*J70 -> 0 | L70: =I70*J70 -> 0 | M70: =J70*D70*E70*F70 -> 0
A71: 70 | C71: Универсальное средство для кухни 500 мл / Universal kitchen cleaner 500 ml | D71: 0.265 | E71: 0.2 | F71: 0.22 | G71: =ROUND(D71*E71*F71,4) -> 0.0117 | H71: 7.04 | I71: 6.84 | J71: ='заказ-order'!E346 -> 0 | K71: =H71*J71 -> 0 | L71: =I71*J71 -> 0 | M71: =J71*D71*E71*F71 -> 0
A72: 71 | C72: Средство для удаления жира, нагара и копоти "Анти-жир Чистый казан" 500 мл / Grease, soot and soot remover "Анти-жир Чистый казан" 500 ml | D72: 0.265 | E72: 0.2 | F72: 0.22 | G72: =ROUND(D72*E72*F72,4) -> 0.0117 | H72: 7.04 | I72: 6.84 | J72: ='заказ-order'!E347 -> 0 | K72: =H72*J72 -> 0 | L72: =I72*J72 -> 0 | M72: =J72*D72*E72*F72 -> 0
A73: 72 | C73: Средство для химимической завивки «Éclair» "Extra LOCK ON", 240 мл / Curling Perm «Éclair» "Extra LOCK ON", 240 ml | D73: 0.26 | E73: 0.21 | F73: 0.19 | G73: =ROUND(D73*E73*F73,4) -> 0.0104 | H73: 5.6 | I73: 5.38 | J73: ='заказ-order'!E349 -> 0 | K73: =H73*J73 -> 0 | L73: =I73*J73 -> 0 | M73: =J73*D73*E73*F73 -> 0
G74: ИТОГО | J74: =SUM(J3:J73) -> 0 | K74: =SUM(K3:K73) -> 0 | L74: =SUM(L3:L73) -> 0 | M74: =SUM(M3:M73) -> 0

Sheet логист.данные  logistic dimenst
A1: № з/п | B1: Код | C1: Продукция | D1: Ящики
D2: Ширина, м | E2: Длина, м | F2: Высота, м | G2: Объем, м. куб. | H2: Вес, кг брутто | I2: К-во, ящ. | J2: ИТОГО Вес брутто кг | K2: ИТОГО Вес нетто кг | L2: ИТОГО Объем, м. куб.
A3: 1 | C3: =+'заказ-order'!#REF! -> #REF! | D3: 0.37 | E3: 0.205 | F3: 0.18 | G3: =ROUND(D3*E3*F3,4) -> 0.0137 | H3: 3.4 | I3: ='заказ-order'!#REF! -> #REF! | J3: =H3*I3 -> #REF! | L3: =I3*D3*E3*F3 -> #REF!
A4: =+A3+1 -> 2 | C4: =+'заказ-order'!B47 -> Стойкая крем краска для волос «Éclair» «3D», в тубах по 50 мл / Permanent hair color cream «Éclair» «3D», in tubes | D4: 0.24 | E4: 0.295 | F4: 0.185 | G4: =ROUND(D4*E4*F4,4) -> 0.0131 | H4: 3.101 | I4: =+'заказ-order'!E47 -> 0 | J4: =H4*I4 -> 0 | L4: =I4*D4*E4*F4 -> 0
A5: =+A4+1 -> 3 | C5: =+'заказ-order'!#REF! -> #REF! | D5: 0.24 | E5: 0.295 | F5: 0.185 | G5: =ROUND(D5*E5*F5,4) -> 0.0131 | H5: 3.766 | I5: =+'заказ-order'!#REF! -> #REF! | J5: =H5*I5 -> #REF! | L5: =I5*D5*E5*F5 -> #REF!
A6: =+A5+1 -> 4 | C6: =+'заказ-order'!B5 -> Стойкая крем-краска для волос «Éclair» с маслами «OMEGA 9», в саше пакетиках / Permanent hair color cream «Éclair» with «OMEGA-9» oils, sachet package
A7: =+A6+1 -> 5 | C7: =+'заказ-order'!B256 -> Кремы «Éclair», в тубах по 44 мл / Сreams «Éclair» in tubes
A8: =+A7+1 -> 6 | C8: =+'заказ-order'!#REF! -> #REF!
A9: =+A8+1 -> 7 | C9: =+'заказ-order'!B140 -> Бальзамов-ополаскиватель для волос "ERSOLLE" «Éclair», 500 мл / Hair balm-conditioner
A10: =+A9+1 -> 8 | C10: =+'заказ-order'!#REF! -> #REF!
A11: =+A10+1 -> 9 | C11: =+'заказ-order'!#REF! -> #REF!
A12: =+A11+1 -> 10 | C12: =+'заказ-order'!#REF! -> #REF!
A13: =+A12+1 -> 11 | C13: =+'заказ-order'!B244 -> Мицеллярная вода "ELETT" «Éclair», 200 мл / Micellar water "ELETT" «Éclair», 200 ml.
A14: =+A13+1 -> 12 | C14: =+'заказ-order'!#REF! -> #REF!
A15: =+A14+1 -> 13 | C15: =+'заказ-order'!B79 -> Крем краска для бровей "ELETT" «Éclair» в тубах по 20мл / Eyebrow dye cream "ELETT" «Éclair»
A16: =+A15+1 -> 14 | C16: =+'заказ-order'!#REF! -> #REF!
A17: =+A16+1 -> 15 | C17: =+'заказ-order'!#REF! -> #REF!
A18: =+A17+1 -> 16 | C18: =+'заказ-order'!#REF! -> #REF!
A19: =+A18+1 -> 17 | C19: =+'заказ-order'!#REF! -> #REF!
A20: =+A19+1 -> 18 | C20: =+'заказ-order'!B89 -> Окрашивающий шампунь "Coloring shampoo" «Éclair» для борьбы с сединой 25 мл / Coloring shampoo "Coloring shampoo" «Éclair» is a cpecial anti gray 25 ml | M20: =+H20/30*100 -> 0
A21: =+A20+1 -> 19 | C21: =+'заказ-order'!B213 -> Шампун для волос 830 мл / Shampoo for hair 830 ml
A22: =+A21+1 -> 20 | C22: =+'заказ-order'!B214 -> Бальзам для волос 500 мл / Hair balm 500 ml
A23: =+A22+1 -> 21 | C23: =+'заказ-order'!B216 -> Скраб для лица, в тубах по 150 мл / Face scrub 150 ml in tubes
A24: =+A23+1 -> 22 | C24: =+'заказ-order'!B217 -> Крем для депиляции в тубах по 100 мл / Depilatory cream 100 ml in tubes
A25: =+A24+1 -> 23 | C25: =+'заказ-order'!B218 -> Крем для лица в баночках по 150 мл / Face cream 150 ml in jars
A26: =+A25+1 -> 24 | C26: =+'заказ-order'!B219 -> Крем для рук в баночках по 150 мл / Hand cream 150 ml in jars
A27: =+A26+1 -> 25 | C27: =+'заказ-order'!B220 -> Крем для ног в баночках 75 мл / Foot cream 75 ml in jars
A28: =+A27+1 -> 26 | C28: =+'заказ-order'!B95 -> Шампунь для волос INTENSIVE «Éclair», 410 мл / Shampoo for hair
A29: =+A28+1 -> 27 | C29: =+'заказ-order'!#REF! -> #REF!
A30: =+A29+1 -> 28 | C30: =+'заказ-order'!B201 -> Детский шампунь "HANY" «Éclair Kids» 240мл / Baby shampoo "HANY" «Éclair Kids»
A31: =+A30+1 -> 29 | C31: =+'заказ-order'!B203 -> Детскый шампунь без алергенный с экстрактом ромашки / Allergenic-free baby shampoo with chamomile extract
A32: =+A31+1 -> 30 | C32: =+'заказ-order'!#REF! -> #REF!
A33: =+A32+1 -> 31 | C33: =+'заказ-order'!#REF! -> #REF!
A34: =+A33+1 -> 32 | C34: =+'заказ-order'!#REF! -> #REF!
A35: =+A34+1 -> 33 | C35: =+'заказ-order'!B85 -> Осветлитель для волос "Super Blond", в саше пакетиках / Hair bleaching "Super Blond", sachet package
A36: =+A35+1 -> 34 | C36: =+'заказ-order'!B86 -> Осветлитель для волосm"Ultra Blond" в саше пакетиках / Super Hair bleaching "Ultra Blond" , sachet package
A37: =+A36+1 -> 35 | C37: =+'заказ-order'!#REF! -> #REF! | M37: =+H37/8 -> 0
A38: =+A37+1 -> 36 | C38: =+'заказ-order'!#REF! -> #REF!
A39: =+A38+1 -> 37 | C39: =+'заказ-order'!#REF! -> #REF!
A40: =+A39+1 -> 38 | C40: =+'заказ-order'!#REF! -> #REF!
A41: =+A40+1 -> 39 | C41: =+'заказ-order'!#REF! -> #REF!
A42: =+A41+1 -> 40 | C42: =+'заказ-order'!#REF! -> #REF!
A43: =+A42+1 -> 41 | C43: =+'заказ-order'!B268 -> Крем - депилятор «Éclair», в тубах по 125 мл / Cream - depilatory «Éclair», in tubes
A44: =+A43+1 -> 42 | C44: =+'заказ-order'!B272 -> Крем - депилятор «Éclair», в тубах по 75 мл / Cream - depilatory «Éclair», in tubes
A45: =+A44+1 -> 43 | C45: =+'заказ-order'!B112 -> Шампунь для волос SPUMA «Éclair» 400 мл / Shampoos for hair SPUMA
A46: =+A45+1 -> 44 | C46: =+'заказ-order'!#REF! -> #REF!
A47: =+A46+1 -> 45 | C47: =+'заказ-order'!B126 -> Бальзамов-ополаскиватель для волос SPUMA «Éclair», 500 мл / Hair balm-conditioner SPUMA «Éclair»
A48: =+A47+1 -> 46 | C48: =+'заказ-order'!#REF! -> #REF!
A49: =+A48+1 -> 47 | C49: =+'заказ-order'!#REF! -> #REF!
A50: =+A49+1 -> 48 | C50: =+'заказ-order'!#REF! -> #REF!
A51: =+A50+1 -> 49 | C51: =+'заказ-order'!B104 -> Бальзам для волос «Éclair» 900 мл / Hair balm «Éclair»
A52: =+A51+1 -> 50 | C52: =+'заказ-order'!B310 -> Туалетные мыла «Éclair» 70 г / Toilet soaps «Éclair»
A53: =+A52+1 -> 51 | C53: =+'заказ-order'!B312 -> Туалетные мыла «Éclair» 90 г / Toilet soaps «Éclair»
A54: =+A53+1 -> 52 | C54: =+'заказ-order'!B321 -> Туалетные мыла «Éclair» 140 г / Toilet soaps «Éclair»
A55: =+A54+1 -> 53 | C55: =+'заказ-order'!B330 -> Туалетные мыла «Éclair» 170 г / Toilet soaps «Éclair»
A56: =+A55+1 -> 54 | C56: =+'заказ-order'!B339 -> Универсальное хозяйственное мыло «Éclair» "BARG" 175 гр / Universal Laundry soap «Éclair» "BARG"
A57: =+A56+1 -> 55 | C57: =+'заказ-order'!#REF! -> #REF!
A58: =+A57+1 -> 56 | C58: =+'заказ-order'!B229 -> Шампунь для волос "ELETT" «Éclair» 380 мл / Shampoo for hair "ELETT" «Éclair»
A59: =+A58+1 -> 57 | C59: =+'заказ-order'!#REF! -> #REF!
A60: =+A59+1 -> 58 | C60: =+'заказ-order'!#REF! -> #REF!
A61: =+A60+1 -> 59 | C61: =+'заказ-order'!#REF! -> #REF!
A62: =+A61+1 -> 60 | C62: =+'заказ-order'!#REF! -> #REF!
A63: =+A62+1 -> 61 | C63: =+'заказ-order'!B224 -> Шампунь для волос "Двойная сила для интенсивного ухода" 400 мл / Hair shampoo "Double strength for intensive care" 400 ml
A64: =+A63+1 -> 62 | C64: =+'заказ-order'!B226 -> Гель для душа "Комфортное очищение для волос и тела" 250 мл / Shower gel "Comfortable cleansing for hair and body" 250 ml
A65: =+A64+1 -> 63 | C65: =+'заказ-order'!B225 -> Бальзам-ополаскиватель для поврежденных и туслых волос 240 мл / Balm -conditioner for damaged and dull hair 240 ml
A66: =+A65+1 -> 64 | C66: =+'заказ-order'!B227 -> Бальзам после бритья "Увлажнение и питание" 140 мл / After shave balm "Moisturizing and nutrition" 140 ml
A67: =+A66+1 -> 65 | C67: =+'заказ-order'!B343 -> Средство для мытья посуды "Лимон" 500 мл / Dishwashing liquid "Lemon" 500 ml
A68: =+A67+1 -> 66 | C68: =+'заказ-order'!B344 -> Средство для мытья посуды "Яблоко" 500 мл / Dishwashing liquid "Apple" 500 ml
A69: =+A68+1 -> 67 | C69: =+'заказ-order'!B345 -> Средство для очистки стекол и зеркал 500 мл / Glass and mirror cleaner 500 ml
A70: =+A69+1 -> 68 | C70: =+'заказ-order'!B346 -> Универсальное средство для кухни 500 мл / Universal kitchen cleaner 500 ml
A71: =+A70+1 -> 69 | C71: =+'заказ-order'!B347 -> Средство для удаления жира, нагара и копоти "Анти-жир Чистый казан" 500 мл / Grease, soot and soot remover "Анти-жир Чистый казан" 500 ml
G72: ИТОГО | I72: =SUM(I3:I46) -> #REF! | J72: =SUM(J3:J46) -> #REF! | L72: =SUM(L3:L46) -> #REF!
